Time,Raw_AccX,Denoised_AccX,Raw_AccY,Denoised_AccY,Raw_AccZ,Denoised_AccZ
0.0,0.02001953125,-0.00639238937310637,-0.0150146484375,0.00032335892136293516,0.9908447265625,0.0009311824474482455
0.1,0.053466796875,0.0059700913939743925,0.008544921875,-0.001526986509581718,0.97479248046875,-0.00028919696720408215
0.2,0.0753173828125,0.014920989933597813,-0.02069091796875,-0.0028439458164565812,0.99761962890625,-0.0011382536750550436
0.3,0.0888671875,0.0204603062457639,0.00445556640625,-0.0036275189992616553,1.030029296875,-0.001615987676104639
0.4,0.09564208984375,0.022588040330472643,-0.02886962890625,-0.00387770605799694,0.98406982421875,-0.0017223989703528684
0.5,0.08209228515625,0.021304192187724114,-0.008544921875,-0.0035945069926624504,1.00439453125,-0.0014574875577997356
0.6,0.06024169921875,0.017124269906053077,0.01666259765625,-0.0023425949077327452,0.977294921875,-0.0011651554295809632
0.7,0.03314208984375,0.007891506053695995,-0.0247802734375,-0.0004839524939239748,1.01116943359375,-0.00027695238559974675
0.8,0.00750732421875,-0.0051447213131195595,0.0125732421875,0.0011354207977867863,0.99420166015625,0.0013334724648340446
0.9,-0.0142822265625,-0.020068279867292208,0.02069091796875,0.002476699916543112,1.0213623046875,0.0035855964156775296
1.0,-0.03460693359375,-0.034567729680405376,0.02886962890625,0.003310026053000811,0.99761962890625,0.006388257289658871
1.1,-0.04815673828125,-0.0455637059362423,-0.00445556640625,0.0034482554224103956,1.0308837890625,0.009611702942003406
1.2,-0.02783203125,-0.05182065896333998,-0.0150146484375,0.002677809707879298,1.013916015625,0.01300620405203931
1.3,-0.00750732421875,-0.052926989181098685,0.008544921875,0.001601351592834212,1.04034423828125,0.016199678808700543
1.4,0.0142822265625,-0.05017428398019641,-0.02069091796875,0.0008111340453955894,1.01116943359375,0.019391599898909512
1.5,0.03460693359375,-0.045158449401066156,0.0247802734375,0.00019545365119531872,1.03155517578125,0.02220404787619975
1.6,0.04815673828125,-0.040525451047496844,-0.02886962890625,-3.7370807729592104e-05,1.0213623046875,0.02436200670857725
1.7,0.02783203125,-0.03664234674385483,0.00445556640625,-0.00013129153238338378,1.04510498046875,0.02606537727341772
1.8,0.00750732421875,-0.033520201437332024,-0.008544921875,-0.00016600303773356875,1.0179443359375,0.02723759118183985
1.9,-0.0142822265625,-0.03007546204633671,0.01666259765625,-0.0003383429898441916,1.038330078125,0.027737451226834665
2.0,0.02001953125,-0.025515820428380916,-0.0247802734375,-0.0007756324457752334,1.00439453125,0.027718379999758028
2.1,0.053466796875,-0.018573555956304402,0.0142822265625,-0.0015144394156129692,1.0308837890625,0.0273037751766569
2.2,0.0753173828125,-0.009599889560477335,-0.03460693359375,-0.0029338538369300202,1.0213623046875,0.026625299541363657
2.3,0.0888671875,0.00019667939939059496,0.00750732421875,-0.004479694264966758,1.04779052734375,0.025932650725839092
2.4,0.09564208984375,0.008268944704608261,-0.04815673828125,-0.005136648655316867,1.0078125,0.025136678898845882
2.5,0.08209228515625,0.01242619434273593,-0.0142822265625,-0.004822620855249171,1.03424072265625,0.024044446228851046
2.6,0.06024169921875,0.010464765846037546,0.02783203125,-0.003646008078863433,1.00030517578125,0.02304544458796815
2.7,0.03314208984375,0.0032422010883474696,-0.0413818359375,-0.0012991480359479946,1.02679443359375,0.022427819079779678
2.8,0.00750732421875,-0.008374168842903807,0.02105712890625,0.0019140781465997172,1.01727294921875,0.02215304928332123
2.9,-0.0142822265625,-0.022310558510729536,0.03460693359375,0.004626889360237302,1.03765869140625,0.022261609528530873
3.0,-0.03460693359375,-0.03613067873766888,0.04815673828125,0.005709804713955938,1.00372314453125,0.02277243933659013
3.1,-0.04815673828125,-0.046683654845927264,-0.00750732421875,0.00509143528055162,1.0301513671875,0.02354361127252979
3.2,-0.02783203125,-0.052631068304187484,-0.02783203125,0.0024834635467297387,1.02069091796875,0.024477735773871023
3.3,-0.00750732421875,-0.05352276576554328,0.0142822265625,-0.0008016342728589788,1.047119140625,0.025411606919143494
3.4,0.0142822265625,-0.050612206269907936,-0.03460693359375,-0.003289407636266524,1.01251220703125,0.026038331009843825
3.5,0.03460693359375,-0.045480647494471935,-0.04815673828125,-0.005708064157733212,1.03900146484375,0.026347892951984125
3.6,0.04815673828125,-0.040761838460825955,0.00750732421875,-0.006576186786282249,1.00506591796875,0.02666505125839895
3.7,0.02783203125,-0.03681546876113855,-0.02105712890625,-0.005515919623095419,1.03155517578125,0.027009687665215838
3.8,0.00750732421875,-0.03364692183022819,0.03460693359375,-0.003697711158525817,1.02203369140625,0.027376895274180753
3.9,-0.0142822265625,-0.030167782375950886,0.04815673828125,-0.0028170845494240268,1.0484619140625,0.027716628513189734
4.0,0.02001953125,-0.02558310658756614,-0.00750732421875,-0.003099163486550249,1.01458740234375,0.028077177210602898
4.1,0.053466796875,-0.018622601143730756,-0.02783203125,-0.004238676302860441,1.041015625,0.02843518149716444
4.2,0.0753173828125,-0.009635652372406473,0.0142822265625,-0.005864745404220904,1.00640869140625,0.028774177812971556
4.3,0.0888671875,0.00017057311769637308,-0.03460693359375,-0.006976606039417389,1.03289794921875,0.029033308518638216
4.4,0.09564208984375,0.008249879905149374,-0.04815673828125,-0.008013209912221674,1.02337646484375,0.029298099300608442
4.5,0.08209228515625,0.01241227256202511,0.00750732421875,-0.00819204923270015,1.04986572265625,0.029524040245932692
4.6,0.06024169921875,0.010454614000153253,-0.02105712890625,-0.0065194618500984845,1.01593017578125,0.029766666704658065
4.7,0.03314208984375,0.0032347920563376006,0.03460693359375,-0.004489876304215993,1.0423583984375,0.030019300273302213
4.8,0.00750732421875,-0.008379575706038853,0.04815673828125,-0.003474147378501054,1.00848388671875,0.03027845223584489
4.9,-0.0142822265625,-0.02231450485721008,-0.00750732421875,-0.0036239579709403265,1.034912109375,0.030499881881861708
5.0,-0.03460693359375,-0.03613355905230922,-0.02783203125,-0.004642012673872611,1.02471923828125,0.030739405002166396
5.1,-0.04815673828125,-0.046685756124148506,0.0142822265625,-0.006131395564858276,1.05120849609375,0.03094933099735272
5.2,-0.02783203125,-0.0526326020323447,-0.03460693359375,-0.0071517168181866615,1.01727294921875,0.03118054299592858
5.3,-0.00750732421875,-0.05352388475368034,-0.04815673828125,-0.008158686005160131,1.04376220703125,0.03142612855825238
5.4,0.0142822265625,-0.05061302293483408,0.00750732421875,-0.008305201287278746,1.00982666015625,0.031682507112951834
5.5,0.03460693359375,-0.045481243531779465,-0.02105712890625,-0.006606267109953113,1.0362548828125,0.031902059971833444
5.6,0.04815673828125,-0.040762273506484946,0.03460693359375,-0.004552723127856489,1.02679443359375,0.03213778874942751
5.7,0.02783203125,-0.03681578630139276,0.04815673828125,-0.0035190358105462245,1.05322265625,0.0323237362644033
5.8,0.00750732421875,-0.033647153556049504,-0.00750732421875,-0.003657185005343073,1.01861572265625,0.0325356926819428
5.9,-0.0142822265625,-0.030167951521504068,-0.02783203125,-0.004666493382247229,1.04510498046875,0.03278322889205693
6.0,0.02001953125,-0.02558323004430092,0.0142822265625,-0.006149160530611403,1.01116943359375,0.033070748358348424
6.1,0.053466796875,-0.018622691254804886,-0.03460693359375,-0.007164563864224774,1.03765869140625,0.03335001954154589
6.2,0.0753173828125,-0.009635718144180822,-0.04815673828125,-0.008168149578904996,1.02813720703125,0.03366788691153768
6.3,0.0888671875,0.00017052511399969994,0.00750732421875,-0.008312242539686814,1.0545654296875,0.03396634824110916
6.4,0.09564208984375,0.008249844870567027,-0.02105712890625,-0.00661153457558146,1.02069091796875,0.034287801949376286
6.5,0.08209228515625,0.012412246992769431,0.03460693359375,-0.004556538677383646,1.047119140625,0.03461409343089821
6.6,0.06024169921875,0.010454595337370545,0.04815673828125,-0.0035217774879473655,1.01251220703125,0.03492935197168794
6.7,0.03314208984375,0.003234778435466046,-0.00750732421875,-0.0036591776705606543,1.03900146484375,0.035173833226763956
6.8,0.00750732421875,-0.008379585647132766,-0.02783203125,-0.004667944311298154,1.02947998046875,0.03542811838331907
6.9,-0.0142822265625,-0.02231451211256013,0.0142822265625,-0.006150227504505992,1.05596923828125,0.03564663919102258
7.0,-0.03460693359375,-0.03613356434752177,-0.03460693359375,-0.007165347487079957,1.02203369140625,0.035884142444995125
7.1,-0.04815673828125,-0.04668575998894345,-0.04815673828125,-0.008168716739685847,1.0484619140625,0.03613315888933628
7.2,-0.02783203125,-0.05263260485302078,0.00750732421875,-0.008312656189915318,1.01458740234375,0.036389673336313516
7.3,-0.00750732421875,-0.05352388681238965,-0.02105712890625,-0.006611837052603535,1.041015625,0.036609034175576975
7.4,0.0142822265625,-0.050613024437377044,0.03460693359375,-0.004556759154907004,1.03082275390625,0.036847030405558
7.5,0.03460693359375,-0.045481244628402626,0.04815673828125,-0.0035219380568616634,1.05731201171875,0.03705583474128907
7.6,0.04815673828125,-0.04076227430684472,-0.00750732421875,-0.0036592945660278925,1.02337646484375,0.037286233141652664
7.7,0.02783203125,-0.036815786885527155,-0.02783203125,-0.00466802949236079,1.04986572265625,0.03753122420871012
7.8,0.00750732421875,-0.03364715398238087,0.0142822265625,-0.006150289836737391,1.01593017578125,0.03778717148009727
7.9,-0.0142822265625,-0.030167951832656442,-0.03460693359375,-0.007165393099200439,1.0423583984375,0.03800641569750416
8.0,0.02001953125,-0.025583230271392556,-0.04815673828125,-0.008168749923182275,1.03289794921875,0.038241920580660844
8.1,0.053466796875,-0.01862269142054527,0.00750732421875,-0.008312680357332847,1.059326171875,0.03842770444245631
8.2,0.0753173828125,-0.009635718265144685,-0.02105712890625,-0.006611854655524937,1.02471923828125,0.03863953929385107
8.3,0.0888671875,0.00017052502571505545,0.03460693359375,-0.004556772007825341,1.05120849609375,0.03888698626958306
8.4,0.09564208984375,0.008249844806132937,0.04815673828125,-0.0035219474469781282,1.01727294921875,0.03917444024593697
8.5,0.08209228515625,0.012412246945742535,-0.00750732421875,-0.0036593014175497207,1.04376220703125,0.03945366351831471
8.6,0.06024169921875,0.010454595303048434,-0.02783203125,-0.004668034491945941,1.03424072265625,0.039771495821059114
8.7,0.03314208984375,0.0032347784104162633,0.0142822265625,-0.006150293485463913,1.0606689453125,0.04006993162599913
8.8,0.00750732421875,-0.008379585665415194,-0.03460693359375,-0.007165395762396928,1.02679443359375,0.04039136696645183
8.9,-0.0142822265625,-0.022314512125903463,-0.04815673828125,-0.00816875186686462,1.05322265625,0.04071764511446207
9.0,-0.03460693359375,-0.036133564357260325,0.00750732421875,-0.008312681775199629,1.01861572265625,0.04103289395982596
9.1,-0.04815673828125,-0.04668575999605106,-0.02105712890625,-0.006611855689579489,1.04510498046875,0.041277368123701474
9.2,-0.02783203125,-0.052632604858208226,0.03460693359375,-0.004556772762710489,1.03558349609375,0.04153164811147272
9.3,-0.00750732421875,-0.053523886816175675,0.04815673828125,-0.003521947998197792,1.06207275390625,0.04175016513869684
9.4,0.0142822265625,-0.05061302444014025,-0.00750732421875,-0.003659301819927946,1.02813720703125,0.04198766560885753
9.5,0.03460693359375,-0.04548124463041933,-0.02783203125,-0.004668034785650735,1.0545654296875,0.042236680014263596
9.6,0.04815673828125,-0.04076227430831659,0.0142822265625,-0.006150293699762648,1.02069091796875,0.04249319297009031
9.7,0.02783203125,-0.036815786886601386,-0.03460693359375,-0.0071653959187631166,1.047119140625,0.042712552723634716
9.8,0.00750732421875,-0.03364715398316489,-0.04815673828125,-0.008168751981023925,1.03692626953125,0.042950548160804305
9.9,-0.0142822265625,-0.03016795183322865,0.00750732421875,-0.008312681858524525,1.06341552734375,0.04315935191865125
10.0,0.02001953125,-0.025583230271810177,-0.02105712890625,-0.006611855750393792,1.02947998046875,0.04338974989927731
10.1,0.053466796875,-0.018622691420850063,0.03460693359375,-0.0045567728070964805,1.05596923828125,0.043634740660605034
10.2,0.0753173828125,-0.009635718265367129,0.04815673828125,-0.0035219480305936504,1.02203369140625,0.04389068770909629
10.3,0.0888671875,0.00017052502555270775,-0.00750732421875,-0.003659301843573667,1.0484619140625,0.04410993176355334
10.4,0.09564208984375,0.008249844806014454,-0.02783203125,-0.004668034802909253,1.03900146484375,0.0443454365278037
10.5,0.08209228515625,0.01241224694565606,0.0142822265625,-0.006150293712357783,1.0654296875,0.044531220302777445
10.6,0.06024169921875,0.010454595302985321,-0.03460693359375,-0.007165395927954919,1.03082275390625,0.04474305509064384
10.7,0.03314208984375,0.0032347784103702033,-0.04815673828125,-0.008168751987733097,1.05731201171875,0.04499050201992695
10.8,0.00750732421875,-0.008379585665448814,0.00750732421875,-0.008312681863421528,1.02337646484375,0.045277955962250344
10.9,-0.0142822265625,-0.022314512125928,-0.02105712890625,-0.00661185575396811,1.04986572265625,0.04555717920976472
11.0,-0.03460693359375,-0.036133564357278235,0.03460693359375,-0.004556772809705125,1.04034423828125,0.04587501149436963
11.1,-0.04815673828125,-0.046685759996064134,0.04815673828125,-0.0035219480324974765,1.0667724609375,0.04617344728578825
11.2,-0.02783203125,-0.05263260485821775,-0.00750732421875,-0.003659301844963165,1.03289794921875,0.0464948826165633
11.3,-0.00750732421875,-0.053523886816182635,-0.02783203125,-0.004668034803923372,1.059326171875,0.04682116075804911
11.4,0.0142822265625,-0.05061302444014532,0.0142822265625,-0.006150293713097936,1.02471923828125,0.0471364096003702
11.5,0.03460693359375,-0.04548124463042304,-0.03460693359375,-0.0071653959284951165,1.05120849609375,0.047380883762728435
11.6,0.04815673828125,-0.04076227430831929,-0.04815673828125,-0.008168751988127353,1.04168701171875,0.0476351637491763
11.7,0.02783203125,-0.03681578688660336,0.00750732421875,-0.008312681863709275,1.06817626953125,0.047853680778833396
11.8,0.00750732421875,-0.033647153983166325,-0.02105712890625,-0.0066118557541781225,1.03424072265625,0.048091181248107254
11.9,-0.0142822265625,-0.0301679518332297,0.03460693359375,-0.004556772809858401,1.0606689453125,0.04834019564565212
12.0,0.02001953125,-0.025583230271810947,0.04815673828125,-0.0035219480326093427,1.02679443359375,0.04859670857201001
12.1,0.053466796875,-0.01862269142085063,-0.00750732421875,-0.0036593018450448104,1.05322265625,0.04881606829505786
12.2,0.0753173828125,-0.009635718265367545,-0.02783203125,-0.004668034803982958,1.04302978515625,0.04905406371427497
12.3,0.0888671875,0.00017052502555240444,0.0142822265625,-0.006150293713141424,1.06951904296875,0.04926286742449516
12.4,0.09564208984375,0.008249844806014232,-0.03460693359375,-0.007165395928526856,1.03558349609375,0.049493265406304505
12.5,0.08209228515625,0.012412246945655896,-0.04815673828125,-0.008168751988150516,1.06207275390625,0.0497382562565724
12.6,0.06024169921875,0.010454595302985202,0.00750732421875,-0.008312681863726178,1.02813720703125,0.04999420366853789
12.7,0.03314208984375,0.003234778410370118,-0.02105712890625,-0.00661185575419046,1.0545654296875,0.050213448090326115
12.8,0.00750732421875,-0.008379585665448875,0.03460693359375,-0.004556772809867405,1.04510498046875,0.05044895304917414
12.9,-0.0142822265625,-0.02231451212592804,0.04815673828125,-0.003521948032615915,1.071533203125,0.05063473721867648
13.0,-0.03460693359375,-0.03613356435727827,-0.00750732421875,-0.0036593018450496078,1.03692626953125,0.05084657185437726
13.1,-0.04815673828125,-0.046685759996064155,-0.02783203125,-0.0046680348039864605,1.06341552734375,0.05109401773379362
13.2,-0.02783203125,-0.05263260485821778,0.0142822265625,-0.006150293713143981,1.02947998046875,0.05138146758161759
13.3,-0.00750732421875,-0.05352388681618265,-0.03460693359375,-0.007165395928528721,1.05596923828125,0.05166068688047429
13.4,0.0142822265625,-0.05061302444014533,-0.04815673828125,-0.00816875198815188,1.04644775390625,0.05197851741304017
13.5,0.03460693359375,-0.04548124463042305,0.00750732421875,-0.008312681863727174,1.0728759765625,0.052276952031989815
13.6,0.04815673828125,-0.0407622743083193,-0.02105712890625,-0.006611855754191187,1.03900146484375,0.05259839121901471
13.7,0.02783203125,-0.03681578688660337,0.03460693359375,-0.0045567728098679355,1.0654296875,0.052924679921333415
13.8,0.00750732421875,-0.03364715398316634,0.04815673828125,-0.003521948032616302,1.03082275390625,0.05323996669974551
13.9,-0.0142822265625,-0.030167951833229706,-0.00750732421875,-0.0036593018450498897,1.05731201171875,0.05348447405671994
14.0,0.02001953125,-0.025583230271810947,-0.02783203125,-0.004668034803986667,1.04779052734375,0.05373876237838551
14.1,0.053466796875,-0.01862269142085063,0.0142822265625,-0.006150293713144132,1.07427978515625,0.05395723157129861
14.2,0.0753173828125,-0.009635718265367545,-0.03460693359375,-0.007165395928528832,1.04034423828125,0.05419465785255994
14.3,0.0888671875,0.00017052502555240488,-0.04815673828125,-0.00816875198815196,1.0667724609375,0.054443597044147765
14.4,0.09564208984375,0.008249844806014232,0.00750732421875,-0.008312681863727233,1.03289794921875,0.05469990515452853
14.5,0.08209228515625,0.012412246945655896,-0.02105712890625,-0.006611855754191229,1.059326171875,0.054919159609725654
14.6,0.06024169921875,0.010454595302985202,0.03460693359375,-0.004556772809867967,1.04913330078125,0.05515728229175074
14.7,0.03314208984375,0.003234778410370118,0.04815673828125,-0.003521948032616324,1.07562255859375,0.05535120333045683
14.8,0.00750732421875,-0.008379585665448875,-0.00750732421875,-0.0036593018450499053,1.04168701171875,0.05557496106402074
14.9,-0.0142822265625,-0.02231451212592804,-0.02783203125,-0.004668034803986678,1.06817626953125,0.05583418364333423
15.0,-0.03460693359375,-0.03613356435727827,0.0142822265625,-0.006150293713144139,1.03424072265625,0.056129883294603736
15.1,-0.04815673828125,-0.046685759996064155,-0.03460693359375,-0.007165395928528837,1.0606689453125,0.05641416080606605
15.2,-0.02783203125,-0.05263260485821778,-0.04815673828125,-0.008168751988151965,1.05120849609375,0.05673548223546346
15.3,-0.00750732421875,-0.05352388681618265,0.00750732421875,-0.008312681863727236,1.07763671875,0.057022936154755524
15.4,0.0142822265625,-0.05061302444014533,-0.02105712890625,-0.006611855754191232,1.04376220703125,0.05733814924199087
15.5,0.03460693359375,-0.04548124463042305,0.03460693359375,-0.004556772809867969,1.0701904296875,0.05767711453358341
15.6,0.04815673828125,-0.0407622743083193,0.04815673828125,-0.003521948032616326,1.0362548828125,0.058025952712394815
15.7,0.02783203125,-0.03681578688660337,-0.00750732421875,-0.003659301845049908,1.06341552734375,0.058330003895642094
15.8,0.00750732421875,-0.03364715398316634,-0.02783203125,-0.00466803480398668,1.05389404296875,0.05866522453467348
15.9,-0.0142822265625,-0.030167951833229706,0.0142822265625,-0.00615029371314414,1.07965087890625,0.058966520315617846
16.0,0.02001953125,-0.025583230271810947,-0.03460693359375,-0.007165395928528837,1.0457763671875,0.05929846615880584
16.1,0.053466796875,-0.01862269142085063,-0.04815673828125,-0.008168751988151965,1.07220458984375,0.05965577040852275
16.2,0.0753173828125,-0.009635718265367545,0.00750732421875,-0.008312681863727236,1.038330078125,0.060025484476038185
16.3,0.0888671875,0.00017052502555240488,-0.02105712890625,-0.006611855754191232,1.06475830078125,0.06035093386870925
16.4,0.09564208984375,0.008249844806014232,0.03460693359375,-0.004556772809867969,1.05523681640625,0.06070340935521864
16.5,0.08209228515625,0.012412246945655896,0.04815673828125,-0.003521948032616326,1.08172607421875,0.06102728963451799
16.6,0.06024169921875,0.010454595302985202,-0.00750732421875,-0.003659301845049908,1.04779052734375,0.061365470058176205
16.7,0.03314208984375,0.003234778410370118,-0.02783203125,-0.00466803480398668,1.07427978515625,0.06170953761825651
16.8,0.00750732421875,-0.008379585665448875,0.0142822265625,-0.00615029371314414,1.04034423828125,0.06203679738776433
16.9,-0.0142822265625,-0.02231451212592804,-0.03460693359375,-0.007165395928528837,1.0667724609375,0.06230457777811811
17.0,-0.03460693359375,-0.03613356435727827,-0.04815673828125,-0.008168751988151965,1.05731201171875,0.06259398015848544
17.1,-0.04815673828125,-0.046685759996064155,0.00750732421875,-0.008312681863727236,1.083740234375,0.06284410430974373
17.2,-0.02783203125,-0.05263260485821778,-0.02105712890625,-0.006611855754191232,1.04913330078125,0.06313112696414051
17.3,-0.00750732421875,-0.05352388681618265,0.03460693359375,-0.004556772809867969,1.0762939453125,0.0634637186796349
17.4,0.0142822265625,-0.05061302444014533,0.04815673828125,-0.003521948032616326,1.0423583984375,0.06383736025837436
17.5,0.03460693359375,-0.04548124463042305,-0.00750732421875,-0.003659301845049908,1.06884765625,0.06420126086912752
17.6,0.04815673828125,-0.0407622743083193,-0.02783203125,-0.00466803480398668,1.059326171875,0.0645993406579779
17.7,0.02783203125,-0.03681578688660337,0.0142822265625,-0.00615029371314414,1.08575439453125,0.06495453419628554
17.8,0.00750732421875,-0.03364715398316634,-0.03460693359375,-0.007165395928528837,1.0518798828125,0.06531954375205734
17.9,-0.0142822265625,-0.030167951833229706,-0.04815673828125,-0.008168751988151965,1.07830810546875,0.06570230962426234
18.0,0.02001953125,-0.025583230271810947,0.00750732421875,-0.008312681863727236,1.04443359375,0.0660885694799568
18.1,0.053466796875,-0.01862269142085063,-0.02105712890625,-0.006611855754191232,1.07086181640625,0.06642172242008411
18.2,0.0753173828125,-0.009635718265367545,0.03460693359375,-0.004556772809867969,1.06134033203125,0.06677949104423694
18.3,0.0888671875,0.00017052502555240488,0.04815673828125,-0.003521948032616326,1.08782958984375,0.06710814626475103
18.4,0.09564208984375,0.008249844806014232,-0.00750732421875,-0.003659301845049908,1.05389404296875,0.06745209648701261
18.5,0.08209228515625,0.012412246945655896,-0.02783203125,-0.00466803480398668,1.08038330078125,0.06780107860767634
18.6,0.06024169921875,0.010454595302985202,0.0142822265625,-0.00615029371314414,1.04644775390625,0.06813215444455939
18.7,0.03314208984375,0.003234778410370118,-0.03460693359375,-0.007165395928528837,1.0728759765625,0.06840235049130688
18.8,0.00750732421875,-0.008379585665448875,-0.04815673828125,-0.008168751988151965,1.06341552734375,0.06869353520158178
18.9,-0.0142822265625,-0.02231451212592804,0.00750732421875,-0.008312681863727236,1.08984375,0.06894489836379986
19.0,-0.03460693359375,-0.03613356435727827,-0.02105712890625,-0.006611855754191232,1.05523681640625,0.06923267494607994
19.1,-0.04815673828125,-0.046685759996064155,0.03460693359375,-0.004556772809867969,1.0823974609375,0.06956577300104211
19.2,-0.02783203125,-0.05263260485821778,0.04815673828125,-0.003521948032616326,1.0484619140625,0.06993977393931998
19.3,-0.00750732421875,-0.05352388681618265,-0.00750732421875,-0.003659301845049908,1.074951171875,0.07030397075365642
19.4,0.0142822265625,-0.05061302444014533,-0.02783203125,-0.00466803480398668,1.0654296875,0.0707022719468271
19.5,0.03460693359375,-0.04548124463042305,0.0142822265625,-0.00615029371314414,1.09185791015625,0.07105762466708127
19.6,0.04815673828125,-0.0407622743083193,-0.03460693359375,-0.007165395928528837,1.0579833984375,0.07142274428159831
19.7,0.02783203125,-0.03681578688660337,-0.04815673828125,-0.008168751988151965,1.08441162109375,0.07180559241184535
19.8,0.00750732421875,-0.03364715398316634,0.00750732421875,-0.008312681863727236,1.050537109375,0.07219191810566544
19.9,-0.0142822265625,-0.030167951833229706,-0.02105712890625,-0.006611855754191232,1.07696533203125,0.07252511705737734
20.0,0.02001953125,-0.025583230271810947,0.03460693359375,-0.004556772809867969,1.06744384765625,0.07288291922565412
20.1,0.053466796875,-0.01862269142085063,0.04815673828125,-0.003521948032616326,1.09393310546875,0.07321159864896266
20.2,0.0753173828125,-0.009635718265367545,-0.00750732421875,-0.003659301845049908,1.05999755859375,0.07355556600062563
20.3,0.0888671875,0.00017052502555240488,-0.02783203125,-0.00466803480398668,1.08648681640625,0.07390456044194081
20.4,0.09564208984375,0.008249844806014232,0.0142822265625,-0.00615029371314414,1.05255126953125,0.07423564522826055
20.5,0.08209228515625,0.012412246945655896,-0.03460693359375,-0.007165395928528837,1.0789794921875,0.07450584794058591
20.6,0.06024169921875,0.010454595302985202,-0.04815673828125,-0.008168751988151965,1.06951904296875,0.07479703752175947
20.7,0.03314208984375,0.003234778410370118,0.00750732421875,-0.008312681863727236,1.095947265625,0.07504840425398901
20.8,0.00750732421875,-0.008379585665448875,-0.02105712890625,-0.006611855754191232,1.06134033203125,0.07533618346575774
20.9,-0.0142822265625,-0.02231451212592804,0.03460693359375,-0.004556772809867969,1.0885009765625,0.07566928344851144
21.0,-0.03460693359375,-0.03613356435727827,0.04815673828125,-0.003521948032616326,1.0545654296875,0.0760432857950541
21.1,-0.04815673828125,-0.046685759996064155,-0.00750732421875,-0.003659301845049908,1.0810546875,0.07640748362920258
21.2,-0.02783203125,-0.05263260485821778,-0.02783203125,-0.00466803480398668,1.071533203125,0.07680578556595032
21.3,-0.00750732421875,-0.05352388681618265,0.0142822265625,-0.00615029371314414,1.09796142578125,0.07716113882835275
21.4,0.0142822265625,-0.05061302444014533,-0.03460693359375,-0.007165395928528837,1.0640869140625,0.07752625883820355
21.5,0.03460693359375,-0.04548124463042305,-0.04815673828125,-0.008168751988151965,1.09051513671875,0.07790910725671815
21.6,0.04815673828125,-0.0407622743083193,0.00750732421875,-0.008312681863727236,1.056640625,0.07829543316088401
21.7,0.02783203125,-0.03681578688660337,-0.02105712890625,-0.006611855754191232,1.08306884765625,0.07862863226651973
21.8,0.00750732421875,-0.03364715398316634,0.03460693359375,-0.004556772809867969,1.07354736328125,0.07898643454719319
21.9,-0.0142822265625,-0.030167951833229706,0.04815673828125,-0.003521948032616326,1.10003662109375,0.07931511405254676
22.0,0.02001953125,-0.025583230271810947,-0.00750732421875,-0.003659301845049908,1.06610107421875,0.07965908146404954
22.1,0.053466796875,-0.01862269142085063,-0.02783203125,-0.00466803480398668,1.09259033203125,0.0800080759490333
22.2,0.0753173828125,-0.009635718265367545,0.0142822265625,-0.00615029371314414,1.05865478515625,0.08033916076721542
22.3,0.0888671875,0.00017052502555240488,-0.03460693359375,-0.007165395928528837,1.0850830078125,0.08060936350278088
22.4,0.09564208984375,0.008249844806014232,-0.04815673828125,-0.008168751988151965,1.07562255859375,0.08090055310091104
22.5,0.08209228515625,0.012412246945655896,0.00750732421875,-0.008312681863727236,1.10205078125,0.0811519198455171
22.6,0.06024169921875,0.010454595302985202,-0.02105712890625,-0.006611855754191232,1.06744384765625,0.0814396990663264
22.7,0.03314208984375,0.003234778410370118,0.03460693359375,-0.004556772809867969,1.0946044921875,0.0817727990556798
22.8,0.00750732421875,-0.008379585665448875,0.04815673828125,-0.003521948032616326,1.0606689453125,0.08214680140703987
22.9,-0.0142822265625,-0.02231451212592804,-0.00750732421875,-0.003659301845049908,1.087158203125,0.08251099924470374
23.0,-0.03460693359375,-0.03613356435727827,-0.02783203125,-0.00466803480398668,1.07763671875,0.08290930118401685
23.1,-0.04815673828125,-0.046685759996064155,0.0142822265625,-0.00615029371314414,1.10406494140625,0.08326465444829215
23.2,-0.02783203125,-0.05263260485821778,-0.03460693359375,-0.007165395928528837,1.0701904296875,0.08362977445951073
23.3,-0.00750732421875,-0.05352388681618265,-0.04815673828125,-0.008168751988151965,1.09661865234375,0.08401262287902349
23.4,0.0142822265625,-0.05061302444014533,0.00750732421875,-0.008312681863727236,1.062744140625,0.08439894878391714
23.5,0.03460693359375,-0.04548124463042305,-0.02105712890625,-0.006611855754191232,1.08917236328125,0.08473214789008411
23.6,0.04815673828125,-0.0407622743083193,0.03460693359375,-0.004556772809867969,1.07965087890625,0.0850899501711453
23.7,0.02783203125,-0.03681578688660337,0.04815673828125,-0.003521948032616326,1.10614013671875,0.08541862967678188
23.8,0.00750732421875,-0.03364715398316634,-0.00750732421875,-0.003659301845049908,1.07220458984375,0.08576259708849127
23.9,-0.0142822265625,-0.030167951833229706,-0.02783203125,-0.00466803480398668,1.09869384765625,0.08611159157362586
24.0,0.02001953125,-0.025583230271810947,0.0142822265625,-0.00615029371314414,1.06475830078125,0.08644267639191809
24.1,0.053466796875,-0.01862269142085063,-0.03460693359375,-0.007165395928528837,1.0911865234375,0.0867128791275639
24.2,0.0753173828125,-0.009635718265367545,-0.04815673828125,-0.008168751988151965,1.08172607421875,0.08700406872575273
24.3,0.0888671875,0.00017052502555240488,0.00750732421875,-0.008312681863727236,1.108154296875,0.08725543547040157
24.4,0.09564208984375,0.008249844806014232,-0.02105712890625,-0.006611855754191232,1.07354736328125,0.08754321469124207
24.5,0.08209228515625,0.012412246945655896,0.03460693359375,-0.004556772809867969,1.1007080078125,0.08787631468061827
24.6,0.06024169921875,0.010454595302985202,0.04815673828125,-0.003521948032616326,1.0667724609375,0.08825031703199496
24.7,0.03314208984375,0.003234778410370118,-0.00750732421875,-0.003659301845049908,1.09326171875,0.08861451486967097
24.8,0.00750732421875,-0.008379585665448875,-0.02783203125,-0.00466803480398668,1.083740234375,0.08901281680899294
24.9,-0.0142822265625,-0.02231451212592804,0.0142822265625,-0.00615029371314414,1.11016845703125,0.08936817007327472
25.0,-0.03460693359375,-0.03613356435727827,-0.03460693359375,-0.007165395928528837,1.0762939453125,0.089733290084498
25.1,-0.04815673828125,-0.046685759996064155,-0.04815673828125,-0.008168751988151965,1.10272216796875,0.0901161385040142
25.2,-0.02783203125,-0.05263260485821778,0.00750732421875,-0.008312681863727236,1.06884765625,0.09050246440891038
25.3,-0.00750732421875,-0.05352388681618265,-0.02105712890625,-0.006611855754191232,1.09527587890625,0.09083566351507918
25.4,0.0142822265625,-0.05061302444014533,0.03460693359375,-0.004556772809867969,1.08575439453125,0.09119346579614171
25.5,0.03460693359375,-0.04548124463042305,0.04815673828125,-0.003521948032616326,1.11224365234375,0.09152214530177925
25.6,0.04815673828125,-0.0407622743083193,-0.00750732421875,-0.003659301845049908,1.07830810546875,0.09186611271348936
25.7,0.02783203125,-0.03681578688660337,-0.02783203125,-0.00466803480398668,1.10479736328125,0.09221510719862447
25.8,0.00750732421875,-0.03364715398316634,0.0142822265625,-0.00615029371314414,1.07086181640625,0.09254619201691708
25.9,-0.0142822265625,-0.030167951833229706,-0.03460693359375,-0.007165395928528837,1.0972900390625,0.09281639475256315
26.0,0.02001953125,-0.025583230271810947,-0.04815673828125,-0.008168751988151965,1.08782958984375,0.09310758435075217
26.1,0.053466796875,-0.01862269142085063,0.00750732421875,-0.008312681863727236,1.1142578125,0.09335895109540118
26.2,0.0753173828125,-0.009635718265367545,-0.02105712890625,-0.006611855754191232,1.07965087890625,0.0936467303162418
26.3,0.0888671875,0.00017052502555240488,0.03460693359375,-0.004556772809867969,1.1068115234375,0.09397983030561807
26.4,0.09564208984375,0.008249844806014232,0.04815673828125,-0.003521948032616326,1.0728759765625,0.09435383265699482
26.5,0.08209228515625,0.012412246945655896,-0.00750732421875,-0.003659301845049908,1.099365234375,0.09471803049467087
26.6,0.06024169921875,0.010454595302985202,-0.02783203125,-0.00466803480398668,1.08984375,0.09511633243399287
26.7,0.03314208984375,0.003234778410370118,0.0142822265625,-0.00615029371314414,1.11627197265625,0.09547168569827463
26.8,0.00750732421875,-0.008379585665448875,-0.03460693359375,-0.007165395928528837,1.0823974609375,0.09583680570949793
26.9,-0.0142822265625,-0.02231451212592804,-0.04815673828125,-0.008168751988151965,1.10882568359375,0.09621965412901415
27.0,-0.03460693359375,-0.03613356435727827,0.00750732421875,-0.008312681863727236,1.074951171875,0.09660598003391038
27.1,-0.04815673828125,-0.046685759996064155,-0.02105712890625,-0.006611855754191232,1.10137939453125,0.09693917914007928
27.2,-0.02783203125,-0.05263260485821778,0.03460693359375,-0.004556772809867969,1.09185791015625,0.09729698142114185
27.3,-0.00750732421875,-0.05352388681618265,0.04815673828125,-0.003521948032616326,1.11834716796875,0.09762566092677963
27.4,0.0142822265625,-0.05061302444014533,-0.00750732421875,-0.003659301845049908,1.08441162109375,0.0979696283384894
27.5,0.03460693359375,-0.04548124463042305,-0.02783203125,-0.00466803480398668,1.11090087890625,0.09831862282362408
27.6,0.04815673828125,-0.0407622743083193,0.0142822265625,-0.00615029371314414,1.07696533203125,0.09864970764191691
27.7,0.02783203125,-0.03681578688660337,-0.03460693359375,-0.007165395928528837,1.1033935546875,0.09891991037756336
27.8,0.00750732421875,-0.03364715398316634,-0.04815673828125,-0.008168751988151965,1.09393310546875,0.09921109997575217
27.9,-0.0142822265625,-0.030167951833229706,0.00750732421875,-0.008312681863727236,1.120361328125,0.09946246672039794
28.0,0.02001953125,-0.025583230271810947,-0.02105712890625,-0.006611855754191232,1.08575439453125,0.09975024594123713
28.1,0.053466796875,-0.01862269142085063,0.03460693359375,-0.004556772809867969,1.1129150390625,0.10008334593061631
28.2,0.0753173828125,-0.009635718265367545,0.04815673828125,-0.003521948032616326,1.0789794921875,0.10045734828200878
28.3,0.0888671875,0.00017052502555240488,-0.00750732421875,-0.003659301845049908,1.10546875,0.10082154611970193
28.4,0.09564208984375,0.008249844806014232,-0.02783203125,-0.00466803480398668,1.095947265625,0.10121984805903479
28.5,0.08209228515625,0.012412246945655896,0.0142822265625,-0.00615029371314414,1.12237548828125,0.10157520132335865
28.6,0.06024169921875,0.010454595302985202,-0.03460693359375,-0.007165395928528837,1.0885009765625,0.10194032133459191
28.7,0.03314208984375,0.003234778410370118,-0.04815673828125,-0.008168751988151965,1.11492919921875,0.10232316975405112
28.8,0.00750732421875,-0.008379585665448875,0.00750732421875,-0.008312681863727236,1.0810546875,0.10270949565869752
28.9,-0.0142822265625,-0.02231451212592804,-0.02105712890625,-0.006611855754191232,1.10748291015625,0.10304269476460026
29.0,-0.03460693359375,-0.03613356435727827,0.03460693359375,-0.004556772809867969,1.09796142578125,0.10340049704549738
29.1,-0.04815673828125,-0.046685759996064155,0.04815673828125,-0.003521948032616326,1.12445068359375,0.10372917655062816
29.2,-0.02783203125,-0.05263260485821778,-0.00750732421875,-0.003659301845049908,1.09051513671875,0.10407314396387493
29.3,-0.00750732421875,-0.05352388681618265,-0.02783203125,-0.00466803480398668,1.11700439453125,0.104422138450584
29.4,0.0142822265625,-0.05061302444014533,0.0142822265625,-0.00615029371314414,1.08306884765625,0.10475322326772465
29.5,0.03460693359375,-0.04548124463042305,-0.03460693359375,-0.007165395928528837,1.1094970703125,0.10502342600132522
29.6,0.04815673828125,-0.0407622743083193,-0.04815673828125,-0.008168751988151965,1.10003662109375,0.10531461559923513
29.7,0.02783203125,-0.03681578688660337,0.00750732421875,-0.008312681863727236,1.12646484375,0.10556598234916681
29.8,0.00750732421875,-0.03364715398316634,-0.02105712890625,-0.006611855754191232,1.09185791015625,0.10585376157139266
29.9,-0.0142822265625,-0.030167951833229706,0.03460693359375,-0.004556772809867969,1.1190185546875,0.1061868615534507
30.0,0.02001953125,-0.025583230271810947,0.04815673828125,-0.003521948032616326,1.0850830078125,0.10656086386674665
30.1,0.053466796875,-0.01862269142085063,-0.00750732421875,-0.003659301845049908,1.111572265625,0.10692506166695517
30.2,0.0753173828125,-0.009635718265367545,-0.02783203125,-0.00466803480398668,1.10205078125,0.10732336358981147
30.3,0.0888671875,0.00017052502555240488,0.0142822265625,-0.00615029371314414,1.12847900390625,0.10767871681651656
30.4,0.09564208984375,0.008249844806014232,-0.03460693359375,-0.007165395928528837,1.0946044921875,0.10804383684567287
30.5,0.08209228515625,0.012412246945655896,-0.04815673828125,-0.008168751988151965,1.12103271484375,0.10842668538090894
30.6,0.06024169921875,0.010454595302985202,0.00750732421875,-0.008312681863727236,1.087158203125,0.1088130117426594
30.7,0.03314208984375,0.003234778410370118,-0.02105712890625,-0.006611855754191232,1.11358642578125,0.1091462112827942
30.8,0.00750732421875,-0.008379585665448875,0.03460693359375,-0.004556772809867969,1.10406494140625,0.1095040137433942
30.9,-0.0142822265625,-0.02231451212592804,0.04815673828125,-0.003521948032616326,1.13055419921875,0.10983269326185831
31.0,-0.03460693359375,-0.03613356435727827,-0.00750732421875,-0.003659301845049908,1.09661865234375,0.11017665797002252
31.1,-0.04815673828125,-0.046685759996064155,-0.02783203125,-0.00466803480398668,1.12310791015625,0.11052565026671664
31.2,-0.02783203125,-0.05263260485821778,0.0142822265625,-0.00615029371314414,1.08917236328125,0.11085673744308276
31.3,-0.00750732421875,-0.05352388681618265,-0.03460693359375,-0.007165395928528837,1.1156005859375,0.11112694458506203
31.4,0.0142822265625,-0.05061302444014533,-0.04815673828125,-0.008168751988151965,1.10614013671875,0.11141813685086016
31.5,0.03460693359375,-0.04548124463042305,0.00750732421875,-0.008312681863727236,1.132568359375,0.11166951103132053
31.6,0.04815673828125,-0.0407622743083193,-0.02105712890625,-0.006611855754191232,1.09796142578125,0.11195729713334374
31.7,0.02783203125,-0.03681578688660337,0.03460693359375,-0.004556772809867969,1.1251220703125,0.11229039967472527
31.8,0.00750732421875,-0.03364715398316634,0.04815673828125,-0.003521948032616326,1.0911865234375,0.11266441134223401
31.9,-0.0142822265625,-0.030167951833229706,-0.00750732421875,-0.003659301845049908,1.11767578125,0.11302860476839913
32.0,0.02001953125,-0.025583230271810947,-0.02783203125,-0.00466803480398668,1.108154296875,0.11342687732975683
32.1,0.053466796875,-0.01862269142085063,0.0142822265625,-0.00615029371314414,1.13458251953125,0.11378202042791946
32.2,0.0753173828125,-0.009635718265367545,-0.03460693359375,-0.007165395928528837,1.1007080078125,0.11414699285223856
32.3,0.0888671875,0.00017052502555240488,-0.04815673828125,-0.008168751988151965,1.12713623046875,0.11452988936105318
32.4,0.09564208984375,0.008249844806014232,0.00750732421875,-0.008312681863727236,1.09326171875,0.11491660901049734
32.5,0.08209228515625,0.012412246945655896,-0.02105712890625,-0.006611855754191232,1.11968994140625,0.11525041992782434
32.6,0.06024169921875,0.010454595302985202,0.03460693359375,-0.004556772809867969,1.11016845703125,0.11560893209383163
32.7,0.03314208984375,0.003234778410370118,0.04815673828125,-0.003521948032616326,1.13665771484375,0.11592532627288835
32.8,0.00750732421875,-0.008379585665448875,-0.00750732421875,-0.003659301845049908,1.10272216796875,0.1162643275178386
32.9,-0.0142822265625,-0.02231451212592804,-0.02783203125,-0.00466803480398668,1.12921142578125,0.11662538784002735
33.0,-0.03460693359375,-0.03613356435727827,0.0142822265625,-0.00615029371314414,1.09527587890625,0.11699782320302979
33.1,-0.04815673828125,-0.046685759996064155,-0.03460693359375,-0.007165395928528837,1.1217041015625,0.11732480619804611
33.2,-0.02783203125,-0.05263260485821778,-0.04815673828125,-0.008168751988151965,1.11224365234375,0.1176780792044855
33.3,-0.00750732421875,-0.05352388681618265,0.00750732421875,-0.008312681863727236,1.138671875,0.11798982317212325
33.4,0.0142822265625,-0.05061302444014533,-0.02105712890625,-0.006611855754191232,1.10479736328125,0.11832354649311841
33.5,0.03460693359375,-0.04548124463042305,0.03460693359375,-0.004556772809867969,1.1312255859375,0.11867864070603655
33.6,0.04815673828125,-0.0407622743083193,0.04815673828125,-0.003521948032616326,1.0972900390625,0.11904413283008262
33.7,0.02783203125,-0.03681578688660337,-0.00750732421875,-0.003659301845049908,1.123779296875,0.11936377360093048
33.8,0.00750732421875,-0.03364715398316634,-0.02783203125,-0.00466803480398668,1.1142578125,0.11971034020380555
33.9,-0.0142822265625,-0.030167951833229706,0.0142822265625,-0.00615029371314414,1.14068603515625,0.1200167126761576
34.0,0.02001953125,-0.025583230271810947,-0.03460693359375,-0.007165395928528837,1.1068115234375,0.12034740656953355
34.1,0.053466796875,-0.01862269142085063,-0.04815673828125,-0.008168751988151965,1.13323974609375,0.12070070318822923
34.2,0.0753173828125,-0.009635718265367545,0.00750732421875,-0.008312681863727236,1.099365234375,0.12106493066929966
34.3,0.0888671875,0.00017052502555240488,-0.02105712890625,-0.006611855754191232,1.12579345703125,0.12138481381755742
34.4,0.09564208984375,0.008249844806014232,0.03460693359375,-0.004556772809867969,1.11627197265625,0.1217329618015557
34.5,0.08209228515625,0.012412246945655896,0.04815673828125,-0.003521948032616326,1.14276123046875,0.12205496878227284
34.6,0.06024169921875,0.010454595302985202,-0.00750732421875,-0.003659301845049908,1.10882568359375,0.12239476467020094
34.7,0.03314208984375,0.003234778410370118,-0.02783203125,-0.00466803480398668,1.13531494140625,0.12274095337958373
34.8,0.00750732421875,-0.008379585665448875,0.0142822265625,-0.00615029371314414,1.10137939453125,0.12307004468225138
34.9,-0.0142822265625,-0.02231451212592804,-0.03460693359375,-0.007165395928528837,1.1278076171875,0.12333861109905768
35.0,-0.03460693359375,-0.03613356435727827,-0.04815673828125,-0.008168751988151965,1.11834716796875,0.12362859705591987
35.1,-0.04815673828125,-0.046685759996064155,0.00750732421875,-0.008312681863727236,1.144775390625,0.12387906564772712
35.2,-0.02783203125,-0.05263260485821778,-0.02105712890625,-0.006611855754191232,1.11016845703125,0.12416615965550608
35.3,-0.00750732421875,-0.05352388681618265,0.03460693359375,-0.004556772809867969,1.1373291015625,0.12449874843982295
35.4,0.0142822265625,-0.05061302444014533,0.04815673828125,-0.003521948032616326,1.1033935546875,0.12487237617537902
35.5,0.03460693359375,-0.04548124463042305,-0.00750732421875,-0.003659301845049908,1.1298828125,0.12523631105765481
35.6,0.04815673828125,-0.0407622743083193,-0.02783203125,-0.00466803480398668,1.120361328125,0.12563442196065372
35.7,0.02783203125,-0.03681578688660337,0.0142822265625,-0.00615029371314414,1.14678955078125,0.1259896366655943
35.8,0.00750732421875,-0.03364715398316634,-0.03460693359375,-0.007165395928528837,1.1129150390625,0.12635465625297182
35.9,-0.0142822265625,-0.030167951833229706,-0.04815673828125,-0.008168751988151965,1.13934326171875,0.12673743169794494
36.0,0.02001953125,-0.025583230271810947,0.00750732421875,-0.008312681863727236,1.10546875,0.12712370421957067
36.1,0.053466796875,-0.01862269142085063,-0.02105712890625,-0.006611855754191232,1.13189697265625,0.12745686384650068
36.2,0.0753173828125,-0.009635718265367545,0.03460693359375,-0.004556772809867969,1.12237548828125,0.12781463723377157
36.3,0.0888671875,0.00017052502555240488,0.04815673828125,-0.003521948032616326,1.14886474609375,0.12814329564168625
36.4,0.09564208984375,0.008249844806014232,-0.00750732421875,-0.003659301845049908,1.11492919921875,0.12848724773075137
36.5,0.08209228515625,0.012412246945655896,-0.02783203125,-0.00466803480398668,1.14141845703125,0.12883623104598999
36.6,0.06024169921875,0.010454595302985202,0.0142822265625,-0.00615029371314414,1.10748291015625,0.12916730772619966
36.7,0.03314208984375,0.003234778410370118,-0.03460693359375,-0.007165395928528837,1.1339111328125,0.12943750453885994
36.8,0.00750732421875,-0.008379585665448875,-0.04815673828125,-0.008168751988151965,1.12445068359375,0.1297286898212458
36.9,-0.0142822265625,-0.02231451212592804,0.00750732421875,-0.008312681863727236,1.15087890625,0.1299800534143245
37.0,-0.03460693359375,-0.03613356435727827,-0.02105712890625,-0.006611855754191232,1.11627197265625,0.13026783032322334
37.1,-0.04815673828125,-0.046685759996064155,0.03460693359375,-0.004556772809867969,1.1434326171875,0.13060092862282216
37.2,-0.02783203125,-0.05263260485821778,0.04815673828125,-0.003521948032616326,1.1094970703125,0.13097492973991792
37.3,-0.00750732421875,-0.05352388681618265,-0.00750732421875,-0.003659301845049908,1.135986328125,0.1313391266778453
37.4,0.0142822265625,-0.05061302444014533,-0.02783203125,-0.00466803480398668,1.12646484375,0.13173742796096435
37.5,0.03460693359375,-0.04548124463042305,0.0142822265625,-0.00615029371314414,1.15289306640625,0.13209278074556763
37.6,0.04815673828125,-0.0407622743083193,-0.03460693359375,-0.007165395928528837,1.1190185546875,0.13245790040541808
37.7,0.02783203125,-0.03681578688660337,-0.04815673828125,-0.008168751988151965,1.14544677734375,0.13284074856866473
37.8,0.00750732421875,-0.03364715398316634,0.00750732421875,-0.008312681863727236,1.111572265625,0.13322707428751224
37.9,-0.0142822265625,-0.030167951833229706,-0.02105712890625,-0.006611855754191232,1.13800048828125,0.13356027325778283
38.0,0.02001953125,-0.025583230271810947,0.03460693359375,-0.004556772809867969,1.12847900390625,0.13391807543968853
38.1,0.053466796875,-0.01862269142085063,0.04815673828125,-0.003521948032616326,1.15496826171875,0.13424675487291615
38.2,0.0753173828125,-0.009635718265367545,-0.00750732421875,-0.003659301845049908,1.12103271484375,0.13459072223166035
38.3,0.0888671875,0.00017052502555240488,-0.02783203125,-0.00466803480398668,1.14752197265625,0.13493971667810387
38.4,0.09564208984375,0.008249844806014232,0.0142822265625,-0.00615029371314414,1.11358642578125,0.13527080146814477
38.5,0.08209228515625,0.012412246945655896,-0.03460693359375,-0.007165395928528837,1.1400146484375,0.13554100418318618
38.6,0.06024169921875,0.010454595302985202,-0.04815673828125,-0.008168751988151965,1.13055419921875,0.13583219376633504
38.7,0.03314208984375,0.003234778410370118,0.00750732421875,-0.008312681863727236,1.156982421875,0.1360835605000102
38.8,0.00750732421875,-0.008379585665448875,-0.02105712890625,-0.006611855754191232,1.12237548828125,0.13637133971285043
38.9,-0.0142822265625,-0.02231451212592804,0.03460693359375,-0.004556772809867969,1.1495361328125,0.1367044396963901
39.0,-0.03460693359375,-0.03613356435727827,0.04815673828125,-0.003521948032616326,1.1156005859375,0.1370784420435077
39.1,-0.04815673828125,-0.046685759996064155,-0.00750732421875,-0.003659301845049908,1.14208984375,0.13744263987807345
39.2,-0.02783203125,-0.05263260485821778,-0.02783203125,-0.00466803480398668,1.132568359375,0.1378409418151251
39.3,-0.00750732421875,-0.05352388681618265,0.0142822265625,-0.00615029371314414,1.15899658203125,0.13819629507775014
39.4,0.0142822265625,-0.05061302444014533,-0.03460693359375,-0.007165395928528837,1.1251220703125,0.13856141508776476
39.5,0.03460693359375,-0.04548124463042305,-0.04815673828125,-0.008168751988151965,1.15155029296875,0.1389442635063987
39.6,0.04815673828125,-0.0407622743083193,0.00750732421875,-0.008312681863727236,1.11767578125,0.13933058941065057
39.7,0.02783203125,-0.03681578688660337,-0.02105712890625,-0.006611855754191232,1.14410400390625,0.13966378851634925
39.8,0.00750732421875,-0.03364715398316634,0.03460693359375,-0.004556772809867969,1.13458251953125,0.1400215907970686
39.9,-0.0142822265625,-0.030167951833229706,0.04815673828125,-0.003521948032616326,1.16107177734375,0.14035027030245573
40.0,0.02001953125,-0.025583230271810947,-0.00750732421875,-0.003659301845049908,1.12713623046875,0.14069423771398315
40.1,0.053466796875,-0.01862269142085063,-0.02783203125,-0.00466803480398668,1.15362548828125,0.14104323219898487
40.2,0.0753173828125,-0.009635718265367545,0.0142822265625,-0.00615029371314414,1.11968994140625,0.14137431701718017
40.3,0.0888671875,0.00017052502555240488,-0.03460693359375,-0.007165395928528837,1.1461181640625,0.1416445197527552
40.4,0.09564208984375,0.008249844806014232,-0.04815673828125,-0.008168751988151965,1.13665771484375,0.1419357093508924
40.5,0.08209228515625,0.012412246945655896,0.00750732421875,-0.008312681863727236,1.1630859375,0.14218707609550352
40.6,0.06024169921875,0.010454595302985202,-0.02105712890625,-0.006611855754191232,1.12847900390625,0.14247485531631654
40.7,0.03314208984375,0.003234778410370118,0.03460693359375,-0.004556772809867969,1.1556396484375,0.14280795530567264
40.8,0.00750732421875,-0.008379585665448875,0.04815673828125,-0.003521948032616326,1.1217041015625,0.14318195765703468
40.9,-0.0142822265625,-0.02231451212592804,-0.00750732421875,-0.003659301845049908,1.148193359375,0.1435461554947
41.0,-0.03460693359375,-0.03613356435727827,-0.02783203125,-0.00466803480398668,1.138671875,0.14394445743401416
41.1,-0.04815673828125,-0.046685759996064155,0.0142822265625,-0.00615029371314414,1.16510009765625,0.1442998106982902
41.2,-0.02783203125,-0.05263260485821778,-0.03460693359375,-0.007165395928528837,1.1312255859375,0.14466493070950937
41.3,-0.00750732421875,-0.05352388681618265,-0.04815673828125,-0.008168751988151965,1.15765380859375,0.14504777912902253
41.4,0.0142822265625,-0.05061302444014533,0.00750732421875,-0.008312681863727238,1.123779296875,0.1454341050339165
41.5,0.03460693359375,-0.04548124463042305,-0.02105712890625,-0.00661185575419123,1.15020751953125,0.14576730414008368
41.6,0.04815673828125,-0.0407622743083193,0.03460693359375,-0.004556772809867965,1.14068603515625,0.146125106421145
41.7,0.02783203125,-0.03681578688660336,0.04815673828125,-0.0035219480326163215,1.16717529296875,0.1464537859267817
41.8,0.00750732421875,-0.03364715398316634,-0.00750732421875,-0.003659301845049902,1.13323974609375,0.1467977533384912
41.9,-0.0142822265625,-0.030167951833229706,-0.02783203125,-0.0046680348039866695,1.15972900390625,0.14714674782362586
42.0,0.02001953125,-0.025583230271810947,0.0142822265625,-0.0061502937131441265,1.12579345703125,0.14747783264191813
42.1,0.053466796875,-0.018622691420850598,-0.03460693359375,-0.00716539592852883,1.1522216796875,0.14774803537756398
42.2,0.0753173828125,-0.009635718265367504,-0.04815673828125,-0.008168751988152043,1.14276123046875,0.14803922497575284
42.3,0.0888671875,0.00017052502555247651,0.00750732421875,-0.008312681863727328,1.169189453125,0.14829059172040177
42.4,0.09564208984375,0.008249844806014317,-0.02105712890625,-0.006611855754191147,1.13458251953125,0.1485783709412423
42.5,0.08209228515625,0.012412246945655847,0.03460693359375,-0.004556772809867679,1.1617431640625,0.14891147093061843
42.6,0.06024169921875,0.010454595302985079,0.04815673828125,-0.0035219480326154633,1.1278076171875,0.14928547328199493
42.7,0.03314208984375,0.003234778410370097,-0.00750732421875,-0.0036593018450488263,1.154296875,0.14964967111967065
42.8,0.00750732421875,-0.00837958566544821,-0.02783203125,-0.004668034803986818,1.144775390625,0.15004797305899245
42.9,-0.0142822265625,-0.02231451212592711,0.0142822265625,-0.0061502937131460165,1.17120361328125,0.15040332632327344
43.0,-0.03460693359375,-0.0361335643572776,-0.03460693359375,-0.007165395928531669,1.1373291015625,0.1507684463344965
43.1,-0.04815673828125,-0.04668575999606332,-0.04815673828125,-0.008168751988154775,1.16375732421875,0.15115129475401357
43.2,-0.02783203125,-0.052632604858215894,0.00750732421875,-0.008312681863733472,1.1298828125,0.15153762065891382
43.3,-0.00750732421875,-0.05352388681617347,-0.02105712890625,-0.006611855754198636,1.15631103515625,0.15187081976508712
43.4,0.0142822265625,-0.050613024440130626,0.03460693359375,-0.004556772809875466,1.14678955078125,0.15222862204615262
43.5,0.03460693359375,-0.04548124463040913,0.04815673828125,-0.0035219480325983546,1.17327880859375,0.15255730155180053
43.6,0.04815673828125,-0.040762274308323264,-0.00750732421875,-0.0036593018450198004,1.13934326171875,0.1529012689634853
43.7,0.02783203125,-0.03681578688662228,-0.02783203125,-0.004668034804026125,1.16583251953125,0.1532502634485931
43.8,0.00750732421875,-0.03364715398315744,0.0142822265625,-0.006150293713273461,1.13189697265625,0.15358134826690398
43.9,-0.0142822265625,-0.030167951833213906,-0.03460693359375,-0.007165395928681413,1.1583251953125,0.15385155100258197
44.0,0.02001953125,-0.02558323027184216,-0.04815673828125,-0.008168751988052388,1.14886474609375,0.1541427406007706
44.1,0.053466796875,-0.018622691421106334,0.00750732421875,-0.008312681863747565,1.17529296875,0.15439410734529402
44.2,0.0753173828125,-0.009635718265694263,-0.02105712890625,-0.0066118557547752655,1.14068603515625,0.1546818865660904
44.3,0.0888671875,0.00017052502501498722,0.03460693359375,-0.004556772811050051,1.1678466796875,0.15501498655561116
44.4,0.09564208984375,0.008249844805359808,0.04815673828125,-0.0035219480342772017,1.1339111328125,0.155388988907749
44.5,0.08209228515625,0.012412246945969062,-0.00750732421875,-0.003659301846778384,1.160400390625,0.15575318674620503
44.6,0.06024169921875,0.010454595303832373,-0.02783203125,-0.004668034805396707,1.15087890625,0.15615148868593273
44.7,0.03314208984375,0.0032347784105062477,0.0142822265625,-0.006150293713677589,1.17730712890625,0.1565068419514689
44.8,0.00750732421875,-0.00837958567006211,-0.03460693359375,-0.00716539592738316,1.1434326171875,0.15687196196266245
44.9,-0.0142822265625,-0.022314512132562983,-0.04815673828125,-0.008168751975525645,1.16986083984375,0.15725481037969058
45.0,-0.03460693359375,-0.03613356436160604,0.00750732421875,-0.00831268184674987,1.135986328125,0.15764113627429618
45.1,-0.04815673828125,-0.04668576000122894,-0.02105712890625,-0.006611855759662394,1.16241455078125,0.15797433537014424
45.2,-0.02783203125,-0.05263260487096618,0.03460693359375,-0.004556772842444773,1.15289306640625,0.15833213764588872
45.3,-0.00750732421875,-0.053523886880213076,0.04815673828125,-0.003521948160274734,1.17938232421875,0.15866081714177127
45.4,0.0142822265625,-0.05061302454432266,-0.00750732421875,-0.0036593020106628995,1.14544677734375,0.15900478461548723
45.5,0.03460693359375,-0.04548124473216804,-0.02783203125,-0.004668034755203441,1.17193603515625,0.15935377915706642
45.6,0.04815673828125,-0.040762274294215195,0.0142822265625,-0.006150293366030781,1.13800048828125,0.159684863924844
45.7,0.02783203125,-0.03681578676767063,-0.03460693359375,-0.007165395437751336,1.1644287109375,0.1599550665681242
45.8,0.00750732421875,-0.03364715406770809,-0.04815673828125,-0.00816875169628778,1.15496826171875,0.16024625612856436
45.9,-0.0142822265625,-0.030167951974654945,0.00750732421875,-0.008312681028224113,1.181396484375,0.16049762288278616
46.0,0.02001953125,-0.025583230086119835,-0.02105712890625,-0.006611854326726449,1.14678955078125,0.1607854020461266
46.1,0.053466796875,-0.018622689662529314,0.03460693359375,-0.004556770904941724,1.1739501953125,0.16111850186583054
46.2,0.0753173828125,-0.009635715952464975,0.04815673828125,-0.0035219491042653784,1.1400146484375,0.1614925033825395
46.3,0.0888671875,0.00017052875273315175,-0.00750732421875,-0.0036593044597587696,1.16650390625,0.16185670056421783
46.4,0.09564208984375,0.008249849500320885,-0.02783203125,-0.004668028520116739,1.156982421875,0.16225500254916345
46.5,0.08209228515625,0.012412244869260812,0.0142822265625,-0.006150276292310875,1.18341064453125,0.16261035765923804
46.6,0.06024169921875,0.010454589406013681,-0.03460693359375,-0.00716537675586194,1.1495361328125,0.16297547980614202
46.7,0.03314208984375,0.0032347773772601223,-0.04815673828125,-0.008168774903535268,1.17596435546875,0.16335832983233245
46.8,0.00750732421875,-0.008379553907325383,0.00750732421875,-0.008312692395685056,1.14208984375,0.16374465959908852
46.9,-0.0142822265625,-0.022314465239672548,-0.02105712890625,-0.006611774697101521,1.16851806640625,0.16407785947989956
47.0,-0.03460693359375,-0.036133536724857376,0.03460693359375,-0.004556592025055404,1.15899658203125,0.1644356565229324
47.1,-0.04815673828125,-0.04668572865581762,0.04815673828125,-0.003521630328877963,1.18548583984375,0.16476428594013576
47.2,-0.02783203125,-0.05263251877675167,-0.00750732421875,-0.003658945729606962,1.15155029296875,0.16510823637733557
47.3,-0.00750732421875,-0.05352344186009745,-0.02783203125,-0.004667887326749602,1.17803955078125,0.1654572502763471
47.4,0.0142822265625,-0.05061228981608492,0.0142822265625,-0.006150493555140627,1.14410400390625,0.16578836881738146
47.5,0.03460693359375,-0.045480505277719366,-0.03460693359375,-0.007165928324104528,1.1705322265625,0.16605864531820097
47.6,0.04815673828125,-0.040762277784728115,-0.04815673828125,-0.008170639394745235,1.16107177734375,0.16634997592489703
47.7,0.02783203125,-0.03681652237960589,0.00750732421875,-0.008315564295080497,1.1875,0.16660234446353053
47.8,0.00750732421875,-0.03364641022470999,-0.02105712890625,-0.006612246593534427,1.15289306640625,0.16689069886592173
47.9,-0.0142822265625,-0.030166752785686098,0.03460693359375,-0.0045539705760192575,1.1800537109375,0.16722322551224314
48.0,0.02001953125,-0.025584297339342456,0.04815673828125,-0.003504327122536753,1.1461181640625,0.1675939932947007
48.1,0.053466796875,-0.01863472574938506,-0.00750732421875,-0.0036354896026423718,1.172607421875,0.16795414826935579
48.2,0.0753173828125,-0.009652015193467178,-0.02783203125,-0.004679337618474338,1.1630859375,0.16834893473758863
48.3,0.0888671875,0.00014479194718066806,0.0142822265625,-0.006209490133451856,1.18951416015625,0.1686871959197169
48.4,0.09564208984375,0.008216347493202113,-0.03460693359375,-0.007244847108899546,1.1556396484375,0.16904476487445064
48.5,0.08209228515625,0.012425915828094165,-0.04815673828125,-0.00818930876106432,1.18206787109375,0.16944228375493892
48.6,0.06024169921875,0.01049545940109537,0.00750732421875,-0.008414360413569712,1.148193359375,0.16989944783287197
48.7,0.03314208984375,0.003242532757382918,-0.02105712890625,-0.006862618231023521,1.17462158203125,0.1703150046082505
48.8,0.00750732421875,-0.008124996054188843,0.03460693359375,-0.004947892598348002,1.16510009765625,0.170735823973169
48.9,-0.0142822265625,-0.02165114156527774,0.04815673828125,-0.003754310483734381,1.19158935546875,0.17119103639199448
49.0,-0.03460693359375,-0.03569989351952223,-0.00750732421875,-0.00377916813738491,1.15765380859375,0.17156252828198765
49.1,-0.04815673828125,-0.047780424208648975,-0.02783203125,-0.004925678582120596,1.18414306640625,0.17156031006064276
49.2,-0.02783203125,-0.056753322578695656,0.0142822265625,-0.006915465519347129,1.15020751953125,0.1715506035993021
49.3,-0.00750732421875,-0.0628166533530131,-0.03460693359375,-0.009169604538441465,1.1766357421875,0.17153966882689747
49.4,0.0142822265625,-0.06628949051620248,-0.04815673828125,-0.011002879386255802,1.16717529296875,0.1718998781236561
49.5,-0.02783203125,-0.06736539751931146,-0.02886962890625,-0.011415816365065798,1.193603515625,0.17158529085680052
49.6,-0.04815673828125,-0.06602103225505865,0.00445556640625,-0.0112775272643909,1.16510009765625,0.17110837007926424
49.7,-0.0142822265625,-0.06225639472344384,-0.02069091796875,-0.010588012084231083,1.15155029296875,0.17046911579104687
49.8,0.03460693359375,-0.05607148492446705,0.008544921875,-0.009347270824586347,1.18072509765625,0.1696675279921484
49.9,0.00750732421875,-0.04746630285812828,-0.0247802734375,-0.007555303485456693,1.1705322265625,0.16870360668256884
